workload,tileops_variant,tileops_latency_ms,tileops_tflops,fa3_latency_ms,fa3_tflops,flashinfer_latency_ms,flashinfer_tflops,tileops_pct_fa3,flashinfer_pct_fa3,tileops_pct_flashinfer
llama8b-4k,ws_causal,0.4656,295.19,0.3649,376.65,0.4606,298.4,78.37249435815744,79.22474445771937,98.92426273458446
llama8b-8k,ws_causal,1.91,287.84,1.596,344.45,1.8236,301.46,83.56510378864857,87.51923356074902,95.4819876600544
llama8b-32k,ws_causal,31.6503,277.92,27.2526,322.76,28.4108,309.6,86.10732432767382,95.92266699714959,89.76744186046511
llama8b-128k,ws_causal,520.6338,270.32,431.1909,326.39,461.9581,304.65,82.82116486411961,93.33925671742394,88.73133103561464
llama70b-4k,ws_causal,0.9049,303.77,0.7823,351.36,0.8968,306.51,86.45548724954462,87.23531420765028,99.10606505497374
llama405b-4k,ws_causal,1.8526,296.75,1.6214,339.05,1.89,290.88,87.52396401710662,85.79265595044978,102.01801430143014
